K1,El Obispo
K1,El Obispo Norte
K1,El Obispo Poniente
K1,Jesús M. Garza
K1,Los Pinos 1º Sector
K1,Los Pinos 2º Sector
K1,Lucio Blanco 1º Sector
K1,Lucio Blanco 2º Sector
K1,Lucio Blanco 3º Sector
K1,Luis Echeverria
K1,Plan de Ayala
K1,Revolución 1º Sector
K1,Revolución 2º Sector
K1,Revolución 3º Sector
K1,Revolución 4º Sector
K1,Revolución 5º Sector
K1,San Pedro 400 1º Sector
K1,San Pedro 400 2º Sector
K1,San Pedro 400 3º Sector
K1,San Pedro 400 4º Sector
K1,San Pedro 400 La Cima Oriente
K1,San Pedro 400 La Cima Poniente
K1,Unidad San Pedro
K1,Valle del Seminario
K1,Villas del Obispo
K1,Villitas del Obispo
K1,Vista Montaña 1º Sector
K1,Vista Montaña 3º Sector
K1,Vista Montaña Interés Social
K1,Vista Montaña 5º Sector
K2,Bosques de San Pedro
K2,Casco Norte
K2,Casco Sur Oriente
K2,Casco Sur Poniente
K2,Hacienda El Rosario
K2,"Jardines Coloniales 1, 2 Y 3"
K2,Jardines de Mirasierra
K2,La Cima 1 y 2
K2,La Cima 3
K2,La Parvada
K2,La Ventana
K2,Las Sendas Galicia
K2,Lázaro Garza Ayala
K2,Lomas del Rosario
K2,Los Sauces
K2,Mirasierra
K2,Palo Blanco
K2,Palo Blanco El Edén
K2,Palo Blanco Los Encinos
K2,Pedregal del Valle
K2,Prados de la Sierra
K2,Rincón Colonial
K2,Rincón de Corregidora
K2,Rincón de San Francisco
K2,San Francisco
K2,Santa Elena
K2,Valle de Vasconcelos
K2,Valle del Mezquite
K2,Villa Montaña
K2,Villas del Pedregal
K3,Balcones del Valle
K3,Barrancas del Pedregal
K3,"Bosques del Valle 1,2 y 3"
K3,Bosques del Valle 4 y 5
K3,Bosques del Valle Ampliación 5º Sector
K3,Capistrano
K3,Colinas de la Sierra Madre
K3,Colonial de la Sierra
K3,Cortijo del Valle
K3,Del Valle Sector Fátima
K3,Fraccionamiento Olímpico
K3,Hacienda del Valle
K3,Jerónimo Siller
K3,Lomas de Tampiquito
K3,Lomas del Valle Convento
K3,Lomas del Valle Oriente
K3,Lomas del Valle Poniente
K3,Privada Rincón de Carrizalejo
K3,Privada Sierra Alta y Nevada
K3,Privada Sierra Madre
K3,Privada Tamazunchale
K3,Provivienda Popular
K3,Rincón de la Montaña
K3,Sierra del Valle
K3,Tampiquito
K3,Valle de Chipinque Norte
K3,Valle de Chipinque Sur
K3,Villas de Terrasol
K3,Villas del Valle
K4,Callejón de Capellanía Oriente
K4,Callejón de Capellanía Poniente
K4,Callejón de los Arizpe Oriente
K4,Callejones Poniente
K4,Centrito Valle
K4,Del Valle
K4,Del Valle Oriente
K4,Fuentes del Valle
K4,Jardines del Campestre
K4,Jardines del Valle
K4,Las Amapas
K4,Los Arcángeles
K4,Los Soles
K4,Mirador del Campestre
K4,Privada Rio las Palmas
K4,Privada Río Ramos
K4,Privada Savotino
K4,Residencial San Agustín 1º Sector
K4,Residencial San Agustín 2º Sector
K4,Residencial San Carlos
K4,Residencial San Francisco
K4,Residencial Santa Bárbara
K4,Santa Engracia
K4,Valle de Santa Engracia
K4,Valle Norte
K4,Villas de Santa Engracia
K4,Vista Real
K5,Antiguo Camino a San Agustín
K5,Bosques de San Ángel Ampliación Palmillas
K5,Carrizalejo
K5,Carrizalejo la Cañada
K5,Colinas de San Agustín
K5,Colinas de San Ángel 1
K5,Colinas de San Ángel 2
K5,Colorines
K5,Comercial Alpino Chipinque
K5,El Santuario
K5,Jardines de San Agustín
K5,Joya de la Corona
K5,Joya del Venado
K5,Las Calzadas
K5,Las Querenzas
K5,Lomas de San Ángel
K5,Mesa de la Corona
K5,Misión de San patricio
K5,Montebello
K5,Olinalá
K5,Residencial Chipinque 1
K5,Residencial Chipinque 2
K5,Residencial Chipinque 3
K5,San Agustín Campestre
K5,San Patricio
K5,Valle de San Ángel 4 Sectores
K5,Valle de San Ángel Sector Jardines
K5,Valle del Campestre
K5,Veredalta
K5,Villa Chipinque
K6,Ampliación Valle del Mirador
K6,Antigua Hacienda San Agustín
K6,Balcones del Campestre
K6,Canteras
K6,Colonial San Agustín
K6,El Refugio
K6,El Secreto
K6,Haciendas de la Sierra
K6,Hacienda San Agustín
K6,La Muralla
K6,Lomas de San Agustín
K6,Lomas del Campestre
K6,Los Amates
K6,Privada San Roberto
K6,Privanza Alejandría
K6,Privanza Alicante
K6,Privanza Burdeos
K6,Privanza Córcega
K6,Privanza Fundadores
K6,Privanza Martinica
K6,Privanza Mónaco
K6,Privanza Pamplona
K6,Privanza Toledo
K6,Privanza Venecia
K6,Privanzas 3er Sector
K6,Privanzas 4to Sector
K6,Real del Valle
K6,Real San Agustín
K6,Residencial San Mateo
K6,Residencial Santa Cruz
K6,Residencial Santa Fe
K6,Valle de San Agustín